T,RSRFy
0,0
0.02,0
0.04,0
0.06,0
0.08,0
0.1,0
0.12,0
0.14,0
0.16,0
0.18,0
0.2,0
0.22,0
0.24,0
0.26,0
0.28,0
0.3,0
0.32,0
0.34,0
0.36,0
0.38,0
0.4,0
0.42,0
0.44,0
0.46,0
0.48,0
0.5,0
0.52,0
0.54,0
0.56,0
0.58,0
0.6,0
0.62,0
0.64,0
0.66,0
0.68,0
0.7,0
0.72,0
0.74,0
0.76,0
0.78,0
0.8,0
0.82,0
0.84,0
0.86,0
0.88,0
0.9,0
0.92,0
0.94,0
0.96,0
0.98,0
1,0
1.02,0
1.04,0
1.06,0
1.08,0
1.1,0
1.12,0
1.14,0
1.16,0
1.18,0
1.2,0
1.22,0
1.24,0
1.26,0
1.28,0
1.3,0
1.32,0
1.34,0
1.36,0
1.38,0
1.4,0
1.42,0
1.44,0
1.46,0
1.48,0
1.5,0
1.52,0
1.54,0
1.56,0
1.58,0
1.6,0
1.62,0
1.64,0
1.66,0
1.68,0
1.7,0
1.72,0
1.74,0
1.76,0
1.78,0
1.8,0
1.82,0
1.84,0
1.86,0
1.88,0
1.9,0
1.92,0
1.94,0
1.96,0
1.98,0
2,0
2.02,0
2.04,0
2.06,0
2.08,0
2.1,0
2.12,0
2.14,0
2.16,0
2.18,0
2.2,0
2.22,0
2.24,0
2.26,0
2.28,0
2.3,0
2.32,0
2.34,0
2.36,0
2.38,0
2.4,0
2.42,0
2.44,0
2.46,0
2.48,0
2.5,0
2.52,0
2.54,0
2.56,0
2.58,0
2.6,0
2.62,0
2.64,0
2.66,0
2.68,0
2.7,0
2.72,0
2.74,0
2.76,0
2.78,0
2.8,0
2.82,0
2.84,0
2.86,0
2.88,0
2.9,0
2.92,0
2.94,0
2.96,0
2.98,0
3,0
3.02,0
3.04,0
3.06,0
3.08,0
3.1,0
3.12,0
3.14,0
3.16,0
3.18,0
3.2,0
3.22,0
3.24,0
3.26,0
3.28,0
3.3,0
3.32,0
3.34,0
3.36,0
3.38,0
3.4,0
3.42,0
3.44,0
3.46,0
3.48,0
3.5,0
3.52,0
3.54,0
3.56,0
3.58,0
3.6,0
3.62,0
3.64,0
3.66,0
3.68,0
3.7,0
3.72,0
3.74,0
3.76,0
3.78,0
3.8,0
3.82,0
3.84,0
3.86,0
3.88,0
3.9,0
3.92,0
3.94,0
3.96,0
3.98,0
4,0
4.02,0
4.04,0
4.06,0
4.08,0
4.1,0
4.12,0
4.14,0
4.16,0
4.18,0
4.2,0
4.22,0
4.24,0
4.26,0
4.28,0
4.3,0
4.32,0
4.34,0
4.36,0
4.38,0
4.4,0
4.42,0
4.44,0
4.46,0
4.48,0
4.5,0
4.52,0
4.54,0
4.56,0
4.58,0
4.6,0
4.62,0
4.64,0
4.66,0
4.68,0
4.7,0
4.72,0
4.74,0
4.76,0
4.78,0
4.8,0
4.82,0
4.84,0
4.86,0
4.88,0
4.9,0
4.92,0
4.94,0
4.96,0
4.98,0
5,0
5.02,0
5.04,0
5.06,0
5.08,0
5.1,0
5.12,0
5.14,0
5.16,0
5.18,0
5.2,0
5.22,0
5.24,0
5.26,120.99391
5.28,151.04599
5.3,176.0093
5.32,194.74667
5.34,206.17463
5.36,209.82343
5.38,205.91339
5.4,195.31606
5.42,179.27294
5.44,159.03453
5.46,136.11126
5.48,112.21211
5.5,88.91118
5.52,67.5937
5.54,49.39182
5.56,35.08896
5.58,25.0988
5.6,19.4794
5.62,15.67247
5.64,16.30629
5.66,20.66926
5.68,27.70393
5.7,36.35544
5.72,45.63468
5.74,54.74136
5.76,63.08892
5.78,70.27566
5.8,76.06633
5.82,80.39908
5.84,83.41263
5.86,85.35258
5.88,86.41787
5.9,86.90179
5.92,87.19544
5.94,87.52466
5.96,88.05963
5.98,88.90416
6,90.09092
6.02,91.59838
6.04,93.38135
6.06,95.37139
6.08,97.48262
6.1,99.53026
6.12,101.19777
6.14,102.60854
6.16,103.73059
6.18,104.54886
6.2,105.07373
6.22,105.35256
6.24,105.49529
6.26,105.65884
6.28,106.03468
6.3,106.88902
6.32,108.55234
6.34,111.39663
6.36,115.8688
6.38,119.20929
6.4,119.75681
6.42,120.10817
6.44,120.27884
6.46,120.34392
6.48,120.38485
6.5,120.50653
6.52,120.81108
6.54,121.31218
6.56,121.99305
6.58,122.84946
6.6,123.83185
6.62,124.87025
6.64,125.9472
6.66,127.05379
6.68,128.16038
6.7,129.26996
6.72,130.38983
6.74,131.49306
6.76,132.55462
6.78,133.56528
6.8,134.51451
6.82,135.39316
6.84,136.18439
6.86,136.86886
6.88,137.43272
6.9,137.87407
6.92,138.20067
6.94,138.40378
6.96,138.47382
6.98,138.41217
7,138.2315
7.02,137.94544
7.04,137.54707
7.06,137.03766
7.08,136.43591
7.1,135.76736
7.12,135.06083
7.14,134.34341
7.16,133.64425
7.18,132.98966
7.2,132.39994
7.22,131.88667
7.24,131.44758
7.26,131.07283
7.28,130.74978
7.3,130.46488
7.32,130.20583
7.34,129.96134
7.36,129.72345
7.38,129.48922
7.4,129.26646
7.42,129.06686
7.44,128.89517
7.46,128.75981
7.48,128.6765
7.5,128.66537
7.52,128.74518
7.54,128.92774
7.56,129.2281
7.58,129.66337
7.6,130.23985
7.62,130.95303
7.64,131.78813
7.66,132.7074
7.68,133.64479
7.7,134.50206
7.72,135.15839
7.74,135.5096
7.76,135.47324
7.78,134.98932
7.8,134.04876
7.82,132.69246
7.84,131.00604
7.86,129.10918
7.88,127.1278
7.9,125.16747
7.92,123.30675
7.94,121.60528
7.96,120.08948
7.98,118.75023
8,117.54982
8.02,116.44015
8.04,115.39035
8.06,114.37029
8.08,113.34273
8.1,112.28024
8.12,111.16804
8.14,109.99998
8.16,108.77406
8.18,107.4928
8.2,106.16741
8.22,104.81354
8.24,103.44298
8.26,102.06668
8.28,100.69364
8.3,99.31808
8.32,97.93314
8.34,96.54029
8.36,95.13282
8.38,93.69003
8.4,92.18898
8.42,90.60908
8.44,88.92883
8.46,87.13124
8.48,85.20796
8.5,83.17458
8.52,81.0673
8.54,78.92103
8.56,76.77932
8.58,74.69956
8.6,72.76272
8.62,71.04366
8.64,69.57376
8.66,68.37731
8.68,67.47981
8.7,66.8736
8.72,66.50088
8.74,66.31294
8.76,66.2936
8.78,66.40828
8.8,66.58232
8.82,66.75082
8.84,66.87997
8.86,66.92386
8.88,66.80808
8.9,66.42583
8.92,65.6777
8.94,64.54212
8.96,63.04417
8.98,61.20916
9,59.11614
9.02,56.9099
9.04,54.73473
9.06,52.72223
9.08,51.00578
9.1,49.72738
9.12,48.99644
9.14,48.83014
9.16,49.20821
9.18,50.09377
9.2,51.40076
9.22,53.00353
9.24,54.75504
9.26,56.50589
9.28,58.11279
9.3,59.46763
9.32,60.50266
9.34,61.16048
9.36,61.41616
9.38,61.28948
9.4,60.83984
9.42,60.14456
9.44,59.26784
9.46,58.28383
9.48,57.27644
9.5,56.31755
9.52,55.46467
9.54,54.76074
9.56,54.23432
9.58,53.89735
9.6,53.75034
9.62,53.78292
9.64,53.96858
9.66,54.27388
9.68,54.66499
9.7,55.10758
9.72,55.56804
9.74,56.01517
9.76,56.42403
9.78,56.77546
9.8,57.05669
9.82,57.26093
9.84,57.3846
9.86,57.42908
9.88,57.401
9.9,57.31331
9.92,57.18319
9.94,57.02812
9.96,56.87064
9.98,56.73768
10,56.65639
10.02,56.65446
10.04,56.75671
10.06,56.98041
10.08,57.33431
10.1,57.8197
10.12,58.42777
10.14,59.1361
10.16,59.91489
10.18,60.73121
10.2,61.54479
10.22,62.31179
10.24,62.99554
10.26,63.5634
10.28,63.98299
10.3,64.23087
10.32,64.29219
10.34,64.15624
10.36,63.81446
10.38,63.25946
10.4,62.52434
10.42,61.62474
10.44,60.54019
10.46,59.29519
10.48,57.95407
10.5,56.59751
10.52,55.32087
10.54,54.25306
10.56,53.52773
10.58,53.24925
10.6,53.482
10.62,54.21064
10.64,55.37412
10.66,56.88313
10.68,58.58732
10.7,60.32158
10.72,61.91712
10.74,63.21831
10.76,64.09474
10.78,64.43293
10.8,64.22914
10.82,63.52178
10.84,62.27812
10.86,60.568
10.88,58.58449
10.9,56.53786
10.92,54.66738
10.94,53.1468
10.96,52.0469
10.98,51.39742
11,51.20204
11.02,51.42489
11.04,51.9576
11.06,52.69934
11.08,53.56058
11.1,54.46652
11.12,55.38144
11.14,56.24304
11.16,56.9749
11.18,57.51434
11.2,57.84673
11.22,58.00046
11.24,57.96262
11.26,57.69909
11.28,57.18104
11.3,56.52758
11.32,55.88878
11.34,55.03111
11.36,53.95323
11.38,52.81519
11.4,51.84876
11.42,51.39688
11.44,51.40341
11.46,51.71837
11.48,52.28644
11.5,52.99047
11.52,53.69778
11.54,54.31369
11.56,54.76818
11.58,55.00638
11.6,54.96659
11.62,54.60692
11.64,53.93933
11.66,52.98596
11.68,51.76737
11.7,50.33361
11.72,48.76071
11.74,47.13615
11.76,45.55144
11.78,44.09523
11.8,42.88526
11.82,42.02255
11.84,41.5204
11.86,41.37792
11.88,41.60093
11.9,42.16586
11.92,43.01972
11.94,44.07877
11.96,45.2534
11.98,46.45642
12,47.60622
12.02,48.63659
12.04,49.48671
12.06,50.10716
12.08,50.46936
12.1,50.57645
12.12,50.45513
12.14,50.12938
12.16,49.63869
12.18,49.04871
12.2,48.44677
12.22,47.92016
12.24,47.55798
12.26,47.43488
12.28,47.58273
12.3,48.09868
12.32,48.90026
12.34,49.73423
12.36,50.54373
12.38,51.27825
12.4,51.90824
12.42,52.3144
12.44,52.35481
12.46,51.98098
12.48,51.09577
12.5,49.69204
12.52,47.76094
12.54,45.19014
12.56,41.95933
12.58,38.19454
12.6,34.08283
12.62,29.75145
12.64,25.63009
12.66,22.3615
12.68,20.40725
12.7,20.23392
12.72,21.92351
12.74,24.86817
12.76,28.37406
12.78,31.98654
12.8,35.24008
12.82,37.96301
12.84,40.12923
12.86,41.68309
12.88,42.65134
12.9,43.09802
12.92,43.12498
12.94,42.896
12.96,42.5524
12.98,42.12241
13,41.64577
13.02,41.1213
13.04,40.5754
13.06,40.02483
13.08,39.45985
13.1,38.92481
13.12,38.50255
13.14,38.07315
13.16,37.59
13.18,37.05746
13.2,36.45727
13.22,35.7856
13.24,35.02023
13.26,34.11096
13.28,33.0398
13.3,31.8097
13.32,30.46036
13.34,29.08902
13.36,27.80741
13.38,26.72294
13.4,25.9527
13.42,25.5833
13.44,25.60929
13.46,26.00659
13.48,26.71672
13.5,27.64743
13.52,28.68761
13.54,29.72108
13.56,30.64028
13.58,31.3497
13.6,31.76075
13.62,31.84801
13.64,31.62489
13.66,31.13679
13.68,30.44712
13.7,29.62504
13.72,28.73679
13.74,27.83968
13.76,26.97834
13.78,26.186
13.8,25.48574
13.82,24.89367
13.84,24.42465
13.86,24.09034
13.88,23.89769
13.9,23.84937
13.92,23.94607
13.94,24.18973
13.96,24.58167
13.98,25.12418
14,25.82313
14.02,26.68864
14.04,27.73648
14.06,28.98564
14.08,30.45456
14.1,32.15682
14.12,34.09484
14.14,36.25052
14.16,38.57545
14.18,40.98491
14.2,43.35186
14.22,45.50717
14.24,47.24741
14.26,48.34788
14.28,48.60307
14.3,47.82601
14.32,45.86188
14.34,42.68482
14.36,38.38342
14.38,33.18019
14.4,27.40361
14.42,21.38611
14.44,15.73753
14.46,11.26621
14.48,8.55303
14.5,8.18157
14.52,10.77682
14.54,15.72454
14.56,22.16454
14.58,29.5292
14.6,37.04247
14.62,44.04693
14.64,50.23046
14.66,55.37067
14.68,59.26284
14.7,61.92498
14.72,63.50008
14.74,64.04385
14.76,63.6705
14.78,62.60657
14.8,61.03687
14.82,59.16129
14.84,57.19708
14.86,55.32612
14.88,53.69258
14.9,52.41762
14.92,51.60095
14.94,51.31627
14.96,51.60945
14.98,52.5021
15,53.97852
15.02,55.98963
15.04,58.48358
15.06,61.39248
15.08,64.62224
15.1,68.10243
15.12,71.77133
15.14,75.53319
15.16,79.30932
15.18,83.05834
15.2,86.73714
15.22,90.30547
15.24,93.72136
15.26,96.96662
15.28,100.02326
15.3,102.83214
15.32,105.27703
15.34,107.35502
15.36,109.13905
15.38,110.64782
15.4,111.849
15.42,112.68159
15.44,113.25324
15.46,113.70178
15.48,114.05202
15.5,114.31062
15.52,114.46395
15.54,114.55635
15.56,114.69787
15.58,115.00125
15.6,115.52069
15.62,116.32182
15.64,117.59476
15.66,119.47706
15.68,122.0073
15.7,125.08885
15.72,128.56399
15.74,132.44237
15.76,136.70709
15.78,141.22071
15.8,145.72493
15.82,149.97524
15.84,153.81307
15.86,157.11949
15.88,159.84864
15.9,161.65106
15.92,162.47286
15.94,162.83902
15.96,163.13941
15.98,160.91921
16,158.35437
16.02,157.90896
16.04,159.29325
16.06,162.24223
16.08,166.50865
16.1,171.86865
16.12,178.12747
16.14,185.10169
16.16,192.61081
16.18,200.47966
16.2,208.61592
16.22,216.92418
16.24,225.18029
16.26,233.06548
16.28,240.61452
16.3,247.83719
16.32,254.67551
16.34,261.0614
16.36,266.93513
16.38,272.27014
16.4,277.04216
16.42,281.22761
16.44,284.83686
16.46,287.90115
16.48,290.44855
16.5,292.54601
16.52,294.25907
16.54,295.58771
16.56,296.53275
16.58,297.11998
16.6,297.36991
16.62,297.3054
16.64,296.95382
16.66,296.34339
16.68,295.51087
16.7,294.49126
16.72,293.31939
16.74,292.05037
16.76,290.74048
16.78,289.43661
16.8,288.03437
16.82,286.30479
16.84,284.45441
16.86,282.46987
16.88,280.34864
16.9,278.08831
16.92,275.71734
16.94,273.35267
16.96,271.18407
16.98,269.47787
17,268.60648
17.02,269.07146
17.04,271.53465
17.06,276.78283
17.08,281.55343
17.1,282.45436
17.12,283.9356
17.14,286.10428
17.16,289.0768
17.18,293.00935
17.2,298.15313
17.22,304.76697
17.24,312.99363
17.26,323.03458
17.28,335.16829
17.3,349.67816
17.32,366.8197
17.34,386.83491
17.36,409.33046
17.38,428.70884
17.4,454.331
17.42,484.78825
17.44,518.03578
17.46,551.43047
17.48,582.16495
17.5,608.23164
17.52,628.78624
17.54,643.76685
17.56,653.72206
17.58,659.61415
17.6,659.44354
17.62,654.72691
17.64,651.54564
17.66,649.70174
17.68,649.44878
17.7,650.5672
17.72,652.76573
17.74,655.74265
17.76,659.21662
17.78,662.93943
17.8,666.71334
17.82,670.39568
17.84,673.89085
17.86,677.15524
17.88,680.02598
17.9,682.63381
17.92,685.21852
17.94,687.79339
17.96,690.39109
17.98,693.00685
18,695.62231
18.02,698.18224
18.04,700.58664
18.06,702.71047
18.08,704.45061
18.1,705.69814
18.12,706.35733
18.14,706.42938
18.16,705.95565
18.18,704.99897
18.2,703.63977
18.22,701.95456
18.24,700.02947
18.26,697.94522
18.28,695.75728
18.3,693.50823
18.32,691.23466
18.34,688.96854
18.36,686.72558
18.38,684.53883
18.4,682.46478
18.42,680.58791
18.44,678.97611
18.46,677.67865
18.48,676.74697
18.5,676.17616
18.52,675.92009
18.54,675.9717
18.56,676.323
18.58,676.9243
18.6,677.71649
18.62,678.64724
18.64,679.69632
18.66,680.84518
18.68,682.06376
18.7,683.31208
18.72,684.55718
18.74,685.77155
18.76,686.90454
18.78,687.90928
18.8,688.74103
18.82,689.35879
18.84,689.7711
18.86,690.01487
18.88,690.12694
18.9,690.16749
18.92,690.20094
18.94,690.26633
18.96,690.39067
18.98,690.58961
19,690.86202
19.02,691.18338
19.04,691.51358
19.06,691.8163
19.08,692.05374
19.1,692.20925
19.12,692.2745
19.14,692.21648
19.16,692.01514
19.18,691.67622
19.2,691.23263
19.22,690.72377
19.24,690.18356
19.26,689.6534
19.28,689.15444
19.3,688.75944
19.32,688.477
19.34,688.17724
19.36,687.82735
19.38,687.43671
19.4,687.14546
19.42,687.16385
19.44,687.3883
19.46,687.67712
19.48,688.01532
19.5,688.38419
19.52,688.76901
19.54,689.11913
19.56,689.39178
19.58,689.57842
19.6,689.68426
19.62,689.70385
19.64,689.61713
19.66,689.43773
19.68,689.1948
19.7,688.95586
19.72,688.80494
19.74,688.74872
19.76,688.77361
19.78,688.88538
19.8,689.07909
19.82,689.3307
19.84,689.58978
19.86,689.80688
19.88,689.94505
19.9,689.97541
19.92,689.8783
19.94,689.64164
19.96,689.26938
19.98,688.78062
20,688.20648
20.02,687.58817
20.04,686.96668
20.06,686.3811
20.08,685.86835
20.1,685.45821
20.12,685.17116
20.14,685.01719
20.16,684.99698
20.18,685.10299
20.2,685.32139
20.22,685.63267
20.24,686.01165
20.26,686.43231
20.28,686.87043
20.3,687.3039
20.32,687.71475
20.34,688.08967
20.36,688.42017
20.38,688.70299
20.4,688.93955
20.42,689.13505
20.44,689.29741
20.46,689.43505
20.48,689.55491
20.5,689.66152
20.52,689.756
20.54,689.8356
20.56,689.89488
20.58,689.92708
20.6,689.925
20.62,689.88236
20.64,689.79513
20.66,689.6618
20.68,689.48367
20.7,689.2648
20.72,689.01203
20.74,688.73461
20.76,688.44321
20.78,688.14882
20.8,687.86231
20.82,687.59387
20.84,687.35278
20.86,687.14717
20.88,686.98421
20.9,686.87029
20.92,686.81094
20.94,686.81104
20.96,686.87505
20.98,687.00649
21,687.20799
21.02,687.48
21.04,687.81872
21.06,688.21604
21.08,688.65913
21.1,689.12937
21.12,689.60219
21.14,690.04687
21.16,690.4289
21.18,690.71305
21.2,690.86361
21.22,690.85083
21.24,690.65724
21.26,690.27989
21.28,689.73366
21.3,689.0459
21.32,688.26703
21.34,687.46641
21.36,686.70335
21.38,686.02711
21.4,685.46829
21.42,685.03647
21.44,684.74606
21.46,684.60457
21.48,684.60151
21.5,684.72111
21.52,684.94212
21.54,685.23515
21.56,685.57026
21.58,685.92396
21.6,686.2629
21.62,686.55653
21.64,686.80843
21.66,687.02611
21.68,687.20573
21.7,687.35034
21.72,687.46563
21.74,687.55735
21.76,687.63375
21.78,687.70193
21.8,687.76741
21.82,687.83908
21.84,687.92242
21.86,688.02114
21.88,688.15032
21.9,688.28139
21.92,688.38626
21.94,688.48867
21.96,688.60798
21.98,688.75986
22,688.79604
22.02,688.59887
22.04,688.33522
22.06,688.1399
22.08,688.07669
22.1,688.07215
22.12,688.52592
22.14,688.54994
22.16,688.42974
22.18,688.42586
22.2,688.50936
22.22,688.78288
22.24,689.2411
22.26,689.67906
22.28,690.74057
22.3,692.60024
22.32,694.11618
22.34,695.39711
22.36,696.33548
22.38,696.6533
22.4,696.4741
22.42,695.68013
22.44,694.43186
22.46,692.95599
22.48,691.36738
22.5,689.70724
22.52,688.06555
22.54,683.20085
22.56,676.73636
22.58,668.80742
22.6,659.22231
22.62,647.92731
22.64,629.79654
22.66,600.92364
22.68,566.33623
22.7,526.95709
22.72,484.74702
22.74,442.52458
22.76,402.72794
22.78,366.8363
22.8,335.51454
22.82,308.83411
22.84,286.55497
22.86,268.20944
22.88,253.17999
22.9,240.82559
22.92,230.54748
22.94,221.87231
22.96,214.40931
22.98,207.79676
23,201.80867
23.02,196.30634
23.04,191.10426
23.06,186.06042
23.08,181.09633
23.1,176.23921
23.12,171.5235
23.14,166.78841
23.16,161.93144
23.18,155.23864
23.2,143.10401
23.22,134.3933
23.24,128.28823
23.26,124.05444
23.28,121.17636
23.3,119.82647
23.32,119.44783
23.34,119.67674
23.36,120.31521
23.38,121.42414
23.4,122.9297
23.42,124.74033
23.44,126.81327
23.46,128.81145
23.48,130.55777
23.5,131.95055
23.52,132.57143
23.54,132.68614
23.56,132.54409
23.58,132.10145
23.6,131.35198
23.62,130.36149
23.64,129.25159
23.66,128.09757
23.68,126.92972
23.7,125.78054
23.72,124.67368
23.74,123.6168
23.76,122.66129
23.78,121.87354
23.8,121.31662
23.82,121.06849
23.84,121.15612
23.86,121.56613
23.88,122.26659
23.9,123.2577
23.92,124.54065
23.94,125.96679
23.96,127.38572
23.98,128.72749
24,129.95348
24.02,131.03389
24.04,131.9176
24.06,132.58281
24.08,133.04513
24.1,133.33066
24.12,133.46018
24.14,133.45561
24.16,133.34321
24.18,133.14926
24.2,132.91931
24.22,132.70189
24.24,132.52138
24.26,132.39285
24.28,132.33137
24.3,132.35713
24.32,132.48378
24.34,132.69162
24.36,132.95092
24.38,133.2379
24.4,133.53288
24.42,133.81264
24.44,134.04437
24.46,134.20914
24.48,134.30271
24.5,134.32659
24.52,134.2916
24.54,134.21095
24.56,134.09807
24.58,133.96914
24.6,133.84059
24.62,133.72819
24.64,133.64608
24.66,133.60614
24.68,133.61763
24.7,133.68641
24.72,133.81514
24.74,134.00383
24.76,134.25047
24.78,134.55218
24.8,134.90561
24.82,135.30771
24.84,135.75779
24.86,136.25712
24.88,136.80803
24.9,137.4123
24.92,138.07079
24.94,138.78657
24.96,139.56247
24.98,140.39801
25,141.28027
25.02,142.18813
25.04,143.11094
25.06,144.03719
25.08,144.94626
25.1,145.79445
25.12,146.53491
25.14,147.16413
25.16,147.68748
25.18,148.1015
25.2,148.39749
25.22,148.58853
25.24,148.75171
25.26,148.96955
25.28,149.30395
25.3,149.8531
25.32,150.72678
25.34,151.98918
25.36,153.67351
25.38,155.78763
25.4,158.33808
25.42,161.25852
25.44,164.34091
25.46,167.38272
25.48,170.24946
25.5,172.83038
25.52,175.04664
25.54,176.87933
25.56,178.34951
25.58,179.48426
25.6,180.32147
25.62,180.91227
25.64,181.32166
25.66,181.61301
25.68,181.83642
25.7,182.06252
25.72,182.35845
25.74,182.74429
25.76,183.22747
25.78,183.81687
25.8,184.55213
25.82,185.4479
25.84,186.44681
25.86,187.51369
25.88,188.6464
25.9,189.89515
25.92,191.30447
25.94,192.85232
25.96,194.53936
25.98,196.39406
26,198.48029
26.02,200.83031
26.04,203.35365
26.06,205.96345
26.08,208.62219
26.1,211.18253
26.12,213.48848
26.14,215.57642
26.16,217.47876
26.18,219.14591
26.2,220.60426
26.22,221.90249
26.24,223.00909
26.26,223.8953
26.28,224.56263
26.3,225.03304
26.32,225.32129
26.34,225.37558
26.36,225.16307
26.38,224.69781
26.4,223.99505
26.42,223.08474
26.44,222.03284
26.46,220.92032
26.48,219.81989
26.5,218.79601
26.52,217.90027
26.54,217.17072
26.56,216.62529
26.58,216.26155
26.6,216.06327
26.62,216.00781
26.64,216.06958
26.66,216.2145
26.68,216.40666
26.7,216.61679
26.72,216.81775
26.74,216.97535
26.76,217.05761
26.78,217.0441
26.8,216.92728
26.82,216.70485
26.84,216.37419
26.86,215.93054
26.88,215.39144
26.9,214.77734
26.92,214.11076
26.94,213.41531
26.96,212.71523
26.98,212.03156
27,211.37538
27.02,210.75404
27.04,210.17776
27.06,209.64875
27.08,209.16129
27.1,208.71443
27.12,208.30955
27.14,207.95586
27.16,207.66809
27.18,207.45905
27.2,207.35823
27.22,207.39914
27.24,207.58173
27.26,207.89664
27.28,208.34336
27.3,208.93361
27.32,209.67492
27.34,210.53982
27.36,211.49318
27.38,212.50656
27.4,213.56662
27.42,214.64518
27.44,215.66845
27.46,216.57987
27.48,217.35353
27.5,217.96022
27.52,218.38084
27.54,218.61792
27.56,218.68196
27.58,218.58591
27.6,218.33628
27.62,217.94538
27.64,217.45237
27.66,216.89646
27.68,216.3059
27.7,215.71524
27.72,215.16142
27.74,214.67108
27.76,214.263
27.78,213.95057
27.8,213.72876
27.82,213.58382
27.84,213.50517
27.86,213.46993
27.88,213.44775
27.9,213.41546
27.92,213.3542
27.94,213.25338
27.96,213.1167
27.98,212.95698
28,212.79254
28.02,212.64346
28.04,212.52707
28.06,212.45746
28.08,212.444
28.1,212.48799
28.12,212.58317
28.14,212.718
28.16,212.87345
28.18,213.02252
28.2,213.13608
28.22,213.18443
28.24,213.1349
28.26,212.96113
28.28,212.65052
28.3,212.20446
28.32,211.64311
28.34,211.00192
28.36,210.32311
28.38,209.65393
28.4,209.04954
28.42,208.55765
28.44,208.20352
28.46,208.0062
28.48,207.98124
28.5,208.12642
28.52,208.4265
28.54,208.86178
28.56,209.40178
28.58,210.00402
28.6,210.6162
28.62,211.18453
28.64,211.6658
28.66,212.02029
28.68,212.21266
28.7,212.23564
28.72,212.09426
28.74,211.78174
28.76,211.30449
28.78,210.68464
28.8,209.94621
28.82,209.11104
28.84,208.19964
28.86,207.23662
28.88,206.24482
28.9,205.27437
28.92,204.38373
28.94,203.57687
28.96,202.84339
28.98,202.18706
29,201.61807
29.02,201.14127
29.04,200.74047
29.06,200.40319
29.08,200.1249
29.1,199.94723
29.12,199.9019
29.14,199.93664
29.16,200.01428
29.18,200.12715
29.2,200.33773
29.22,200.7397
29.24,201.27066
29.26,201.87872
29.28,202.58863
29.3,203.4629
29.32,204.58225
29.34,205.91257
29.36,207.39899
29.38,209.03769
29.4,210.85489
29.42,212.89664
29.44,215.07556
29.46,217.07087
29.48,218.58073
29.5,219.69706
29.52,220.32737
29.54,220.34499
29.56,219.66542
29.58,218.32534
29.6,216.49888
29.62,214.52384
29.64,212.86052
29.66,212.12283
29.68,213.08277
29.7,216.67568
29.72,223.92184
29.74,230.78684
29.76,235.01268
29.78,240.60968
29.8,247.73598
29.82,256.42689
29.84,266.31957
29.86,276.88044
29.88,287.46265
29.9,297.45165
29.92,306.27712
29.94,313.4205
29.96,318.73267
29.98,322.27138
30,324.36276
30.02,319.68808
30.04,313.18785
30.06,309.09319
30.08,306.59789
30.1,305.17735
30.12,304.31264
30.14,303.36293
30.16,302.00834
30.18,300.19622
30.2,298.0728
30.22,295.89485
30.24,293.81791
30.26,292.00256
30.28,290.67337
30.3,289.75843
30.32,289.63319
30.34,290.40044
30.36,292.02687
30.38,294.47373
30.4,297.56412
30.42,301.09623
30.44,305.04403
30.46,309.3349
30.48,313.78033
30.5,318.21558
30.52,322.49968
30.54,326.45789
30.56,329.91881
30.58,332.75679
30.6,334.92401
30.62,336.40505
30.64,337.23536
30.66,337.49021
30.68,337.26597
30.7,336.66518
30.72,335.78671
30.74,334.72559
30.76,333.56172
30.78,332.35383
30.8,331.163
30.82,330.03754
30.84,328.98315
30.86,328.00035
30.88,327.10212
30.9,326.29363
30.92,325.57497
30.94,324.95025
30.96,324.42692
30.98,324.00975
31,323.70474
31.02,323.51554
31.04,323.43946
31.06,323.46997
31.08,323.59357
31.1,323.79696
31.12,324.06132
31.14,324.34983
31.16,324.62891
31.18,324.87727
31.2,325.0788
31.22,325.22722
31.24,325.32644
31.26,325.38514
31.28,325.41381
31.3,325.42318
31.32,325.42243
31.34,325.41732
31.36,325.41104
31.38,325.40542
31.4,325.40195
31.42,325.40336
31.44,325.41399
31.46,325.44125
31.48,325.49697
31.5,325.59691
31.52,325.76004
31.54,326.00717
31.56,326.35856
31.58,326.8309
31.6,327.43422
31.62,328.16822
31.64,329.02004
31.66,329.96115
31.68,330.94487
31.7,331.9102
31.72,332.77926
31.74,333.46057
31.76,333.8662
31.78,333.91908
31.8,333.55792
31.82,332.75018
31.84,331.50108
31.86,329.8464
31.88,327.84779
31.9,325.6258
31.92,323.32832
31.94,321.0603
31.96,318.91861
31.98,317.00856
32,315.39833
32.02,314.08929
32.04,313.06569
32.06,312.32741
32.08,311.85099
32.1,311.61275
32.12,311.60332
32.14,311.81287
32.16,312.22854
32.18,312.82963
32.2,313.62334
32.22,314.62088
32.24,315.75953
32.26,316.94292
32.28,318.07901
32.3,319.14454
32.32,320.11028
32.34,320.80407
32.36,321.05175
32.38,320.7374
32.4,319.88203
32.42,318.51496
32.44,316.40354
32.46,313.34135
32.48,309.27311
32.5,304.25727
32.52,298.3403
32.54,291.39343
32.56,283.40367
32.58,274.50281
32.6,264.82077
32.62,254.50196
32.64,243.71662
32.66,232.6689
32.68,221.54132
32.7,210.61699
32.72,200.24908
32.74,190.54093
32.76,181.48768
32.78,173.16715
32.8,165.74289
32.82,159.3377
32.84,153.82813
32.86,149.08339
32.88,145.06638
32.9,141.7016
32.92,138.89225
32.94,136.52119
32.96,134.47701
32.98,132.66058
33,130.97093
33.02,129.31851
33.04,127.63068
33.06,125.85368
33.08,123.96154
33.1,121.96675
33.12,119.91896
33.14,117.88694
33.16,115.9534
33.18,114.2074
33.2,112.71574
33.22,111.51811
33.24,110.64277
33.26,110.0982
33.28,109.86309
33.3,109.8825
33.32,110.08884
33.34,110.43645
33.36,110.88131
33.38,111.37195
33.4,111.86724
33.42,112.33979
33.44,112.78053
33.46,113.18984
33.48,113.56679
33.5,113.90965
33.52,114.21584
33.54,114.48326
33.56,114.71178
33.58,114.90061
33.6,115.04863
33.62,115.17789
33.64,115.31322
33.66,115.45518
33.68,115.60325
33.7,115.75169
33.72,115.91178
33.74,116.07444
33.76,116.2192
33.78,116.36042
33.8,116.56794
33.82,116.98162
33.84,117.57523
33.86,118.25514
33.88,118.98455
33.9,119.74965
33.92,120.56191
33.94,121.32059
33.96,121.94745
33.98,122.44376
34,122.78105
34.02,122.97429
34.04,123.0642
34.06,123.07365
34.08,123.02268
34.1,122.95203
34.12,122.90577
34.14,122.89577
34.16,122.93122
34.18,123.03078
34.2,123.22325
34.22,123.52101
34.24,123.90316
34.26,124.35373
34.28,124.59832
34.3,124.3346
34.32,123.75215
34.34,122.76026
34.36,121.29785
34.38,119.37414
34.4,117.11486
34.42,114.75492
34.44,112.62931
34.46,111.24316
34.48,111.27443
34.5,113.57371
34.52,119.13787
34.54,129.04646
34.56,137.58995
34.58,141.8402
34.6,146.89869
34.62,152.73409
34.64,159.11735
34.66,165.75216
34.68,172.33163
34.7,178.56132
34.72,184.13237
34.74,188.6935
34.76,192.07678
34.78,194.29845
34.8,195.43748
34.82,195.60859
34.84,188.45008
34.86,179.47891
34.88,173.94414
34.9,170.97702
34.92,169.88751
34.94,170.07604
34.96,171.08421
34.98,172.60997
35,174.53116
35.02,176.78572
35.04,179.22602
35.06,181.74006
35.08,184.28773
35.1,186.86092
35.12,189.08503
35.14,191.1936
35.16,193.26869
35.18,195.21352
35.2,196.97135
35.22,198.50305
35.24,199.74246
35.26,200.6541
35.28,201.24991
35.3,201.55579
35.32,201.60766
35.34,201.43863
35.36,201.08551
35.38,200.59344
35.4,199.98204
35.42,199.30579
35.44,198.61423
35.46,197.94597
35.48,197.33135
35.5,196.79603
35.52,196.36225
35.54,196.05176
35.56,195.88024
35.58,195.85448
35.6,195.97598
35.62,196.23692
35.64,196.61475
35.66,197.0767
35.68,197.58062
35.7,198.07933
35.72,198.51715
35.74,198.83618
35.76,198.98842
35.78,198.93544
35.8,198.66843
35.82,198.20244
35.84,197.54717
35.86,196.72658
35.88,195.78444
35.9,194.81615
35.92,193.92518
35.94,193.13084
35.96,192.44204
35.98,191.88861
36,191.50205
36.02,191.28831
36.04,191.18552
36.06,191.12868
36.08,191.07453
36.1,190.9775
36.12,190.79519
36.14,190.49243
36.16,190.05081
36.18,189.46878
36.2,188.75752
36.22,187.94128
36.24,187.05476
36.26,186.13884
36.28,185.23687
36.3,184.39627
36.32,183.66342
36.34,183.07334
36.36,182.65676
36.38,182.44416
36.4,182.44829
36.42,182.67896
36.44,183.15481
36.46,183.87596
36.48,184.82051
36.5,185.97185
36.52,187.33796
36.54,188.85039
36.56,190.3817
36.58,191.83747
36.6,193.12317
36.62,194.16334
36.64,194.88107
36.66,195.22719
36.68,195.20271
36.7,194.83984
36.72,194.23197
36.74,193.45427
36.76,192.56455
36.78,191.63714
36.8,190.75664
36.82,189.99903
36.84,189.3897
36.86,188.93859
36.88,188.65469
36.9,188.56829
36.92,188.69171
36.94,188.96201
36.96,189.32961
36.98,189.77443
37,190.26344
37.02,190.75825
37.04,191.21217
37.06,191.56917
37.08,191.76987
37.1,191.77095
37.12,191.53552
37.14,191.02327
37.16,190.21876
37.18,189.12794
37.2,187.78185
37.22,186.19871
37.24,184.40065
37.26,182.45196
37.28,180.40093
37.3,178.3717
37.32,176.47919
37.34,174.71492
37.36,173.09801
37.38,171.66355
37.4,170.5728
37.42,169.95153
37.44,169.6427
37.46,169.51309
37.48,169.52687
37.5,169.75303
37.52,170.21538
37.54,170.8044
37.56,171.51752
37.58,172.43557
37.6,173.71784
37.62,175.4476
37.64,177.50718
37.66,179.8242
37.68,182.3988
37.7,185.06297
37.72,187.68309
37.74,190.37863
37.76,193.17843
37.78,195.97677
37.8,198.72583
37.82,201.38906
37.84,203.81911
37.86,205.84538
37.88,207.36537
37.9,208.33445
37.92,208.72912
37.94,208.49986
37.96,207.69447
37.98,206.42292
38,204.79995
38.02,202.95425
38.04,201.0254
38.06,199.14008
38.08,197.38778
38.1,195.86023
38.12,194.66599
38.14,193.80339
38.16,193.26257
38.18,193.02251
38.2,193.11422
38.22,193.54313
38.24,194.17495
38.26,194.91189
38.28,195.72434
38.3,196.56634
38.32,197.40867
38.34,198.22805
38.36,198.9858
38.38,199.64442
38.4,200.17218
38.42,200.54544
38.44,200.75132
38.46,200.79114
38.48,200.68072
38.5,200.44268
38.52,200.10658
38.54,199.70924
38.56,199.28321
38.58,198.85204
38.6,198.43184
38.62,198.02973
38.64,197.64689
38.66,197.28226
38.68,196.93443
38.7,196.6058
38.72,196.30456
38.74,196.04285
38.76,195.83663
38.78,195.7047
38.8,195.66398
38.82,195.72811
38.84,195.90795
38.86,196.20845
38.88,196.62687
38.9,197.15296
38.92,197.76857
38.94,198.44709
38.96,199.15268
38.98,199.84069
39,200.46038
39.02,200.95751
39.04,201.27662
39.06,201.3692
39.08,201.20058
39.1,200.75624
39.12,200.0483
39.14,199.10555
39.16,197.96516
39.18,196.67234
39.2,195.29597
39.22,193.90252
39.24,192.51787
39.26,191.15728
39.28,189.82432
39.3,188.56536
39.32,187.41632
39.34,186.32664
39.36,185.27567
39.38,184.29133
39.4,183.39659
39.42,182.63484
39.44,182.06296
39.46,181.72101
39.48,181.621
39.5,181.88875
39.52,182.67844
39.54,183.91328
39.56,185.08261
39.58,186.13141
39.6,187.31249
39.62,188.764
39.64,190.23181
39.66,191.50198
39.68,192.62396
39.7,193.85075
39.72,195.53347
39.74,197.79806
39.76,200.93808
39.78,205.5529
39.8,212.45736
39.82,222.64206
39.84,227.11862
39.86,228.56738
39.88,229.40291
39.9,229.80204
39.92,229.92663
39.94,229.59049
39.96,228.69417
39.98,227.3143
40,225.70891
40.02,224.19592
40.04,222.77272
40.06,221.39192
40.08,220.07065
40.1,218.93521
40.12,215.30825
40.14,206.6873
40.16,201.44113
40.18,198.59837
40.2,197.36825
40.22,197.13973
40.24,197.38683
40.26,197.75492
40.28,198.03777
40.3,198.26034
40.32,198.50751
40.34,198.69176
40.36,198.78772
40.38,198.87532
40.4,198.98916
40.42,199.27459
40.44,199.97264
40.46,200.98762
40.48,202.33064
40.5,203.96751
40.52,205.8174
40.54,207.84256
40.56,210.05078
40.58,212.43938
40.6,214.98807
40.62,217.72866
40.64,220.73677
40.66,224.02807
40.68,227.49468
40.7,231.17669
40.72,235.07732
40.74,238.79081
40.76,241.99853
40.78,244.5841
40.8,246.44179
40.82,247.47531
40.84,247.66059
40.86,247.1012
40.88,245.92385
40.9,244.40072
40.92,242.84299
40.94,241.30928
40.96,239.82386
40.98,238.47945
41,237.37353
41.02,236.58163
41.04,236.07864
41.06,235.80091
41.08,235.75606
41.1,235.94829
41.12,236.37265
41.14,236.99257
41.16,237.75912
41.18,238.62552
41.2,239.52249
41.22,240.36181
41.24,241.11072
41.26,241.71607
41.28,242.07805
41.3,242.24937
41.32,242.26089
41.34,241.91794
41.36,241.1015
41.38,239.81874
41.4,238.05796
41.42,235.77991
41.44,233.15745
41.46,230.49623
41.48,228.00262
41.5,226.01622
41.52,224.76713
41.54,224.18465
41.56,224.20695
41.58,224.82397
41.6,226.0051
41.62,227.7
41.64,229.74979
41.66,231.98816
41.68,234.2645
41.7,236.41355
41.72,238.28738
41.74,239.74399
41.76,240.69506
41.78,241.12741
41.8,241.12323
41.82,240.75946
41.84,240.043
41.86,239.02044
41.88,237.8005
41.9,236.50876
41.92,235.26613
41.94,234.14948
41.96,233.20516
41.98,232.45438
42,231.89909
42.02,231.51561
42.04,231.28334
42.06,231.18286
42.08,231.1951
42.1,231.30198
42.12,231.48699
42.14,231.73592
42.16,232.03375
42.18,232.36357
42.2,232.70723
42.22,233.04478
42.24,233.3569
42.26,233.62695
42.28,233.84174
42.3,233.994
42.32,234.083
42.34,234.11432
42.36,234.09914
42.38,234.05198
42.4,233.98942
42.42,233.927
42.44,233.8753
42.46,233.84022
42.48,233.82255
42.5,233.81651
42.52,233.81062
42.54,233.79077
42.56,233.74193
42.58,233.64982
42.6,233.50528
42.62,233.30553
42.64,233.05301
42.66,232.75899
42.68,232.44514
42.7,232.1417
42.72,231.88578
42.74,231.71752
42.76,231.68056
42.78,231.79679
42.8,232.07967
42.82,232.52542
42.84,233.10363
42.86,233.76751
42.88,234.46124
42.9,235.13227
42.92,235.72257
42.94,236.16363
42.96,236.4115
42.98,236.45334
43,236.48
